grad_norm,loss,loss_q0,loss_q1,loss_q2,loss_q3,mse,mse_q0,mse_q1,mse_q2,mse_q3,samples,step,eval_loss,eval_loss_q0,eval_loss_q1,eval_loss_q2,eval_loss_q3,eval_mse,eval_mse_q0,eval_mse_q1,eval_mse_q2,eval_mse_q3
0.10912081487676861,0.06704044342041016,0.008541792,0.022974417,0.06088495,0.18714043,0.06704044342041016,0.008541792,0.022974417,0.06088495,0.18714043,57664,900,,,,,,,,,,
,,,,,,,,,,,,,0.07116089016199112,0.019556742,0.048236858,0.06332017,0.1799527,0.07116089016199112,0.019556742,0.048236858,0.06332017,0.1799527
0.1270660149824004,0.08378872778266672,0.013679584,0.03816956,0.087861784,0.19422372,0.08378872778266672,0.013679584,0.03816956,0.087861784,0.19422372,64064,1000,,,,,,,,,,
,,,,,,,,,,,,,0.0896102711558342,0.014159176,0.035684083,0.10729977,0.17891799,0.0896102711558342,0.014159176,0.035684083,0.10729977,0.17891799
0.13579710156960745,0.07641183227300646,0.0116548985,0.032497883,0.08321735,0.18224254,0.07641183227300646,0.0116548985,0.032497883,0.08321735,0.18224254,70464,1100,,,,,,,,,,
,,,,,,,,,,,,,0.09139463305473328,0.011386795,0.03447602,0.08232882,0.25491306,0.09139463305473328,0.011386795,0.03447602,0.08232882,0.25491306
0.1316949315360153,0.0736986105889082,0.010583867,0.03188013,0.07532443,0.17597948,0.0736986105889082,0.010583867,0.03188013,0.07532443,0.17597948,76864,1200,,,,,,,,,,
,,,,,,,,,,,,,0.07807371020317078,0.010091323,0.052980952,0.0723872,0.18665785,0.07807371020317078,0.010091323,0.052980952,0.0723872,0.18665785
0.14844372968200856,0.07187470249831673,0.008984285,0.029236086,0.072807305,0.1757352,0.07187470249831673,0.008984285,0.029236086,0.072807305,0.1757352,83264,1300,,,,,,,,,,
,,,,,,,,,,,,,0.07353924959897995,0.0037328517,0.020514317,0.06492767,0.35514295,0.07353924959897995,0.0037328517,0.020514317,0.06492767,0.35514295
0.12341809217756765,0.06946605563163759,0.007425726,0.02767449,0.0696568,0.17093049,0.06946605563163759,0.007425726,0.02767449,0.0696568,0.17093049,89664,1400,,,,,,,,,,
,,,,,,,,,,,,,0.08889984339475632,0.0043861754,0.0630704,0.055122714,0.22667804,0.08889984339475632,0.0043861754,0.0630704,0.055122714,0.22667804
