accuracy,precision,recall,f1,roc_auc,tn,fp,fn,tp,pred_benign,pred_malware,true_benign,true_malware,seed,train_samples,eval_samples,best_epoch
0.9441558441558442,0.9430051813471503,0.9454545454545454,0.9442282749675746,0.9796255692359589,363,22,21,364,384,386,385,385,42,1800,770,35
0.9441558441558442,0.9547872340425532,0.9324675324675324,0.9434954007884363,0.9811907572946533,368,17,26,359,394,376,385,385,43,1800,770,49
0.9285714285714286,0.9104477611940298,0.9506493506493506,0.9301143583227446,0.979531118232417,349,36,19,366,368,402,385,385,44,1800,770,34
0.9285714285714286,0.9064039408866995,0.9558441558441558,0.9304677623261695,0.9737729802664868,347,38,17,368,364,406,385,385,45,1800,770,48
0.9545454545454546,0.972972972972973,0.935064935064935,0.9536423841059603,0.9822364648338675,375,10,25,360,400,370,385,385,46,1800,770,45
