accuracy,precision,recall,f1,roc_auc,tn,fp,fn,tp,pred_benign,pred_malware,true_benign,true_malware,seed,train_samples,eval_samples,best_epoch
0.9272727272727272,0.9556786703601108,0.8961038961038961,0.9249329758713136,0.9690875358407827,369,16,40,345,409,361,385,385,42,1800,770,44
0.9402597402597402,0.9335038363171355,0.948051948051948,0.9407216494845361,0.9843616124135605,359,26,20,365,379,391,385,385,43,1800,770,49
0.9402597402597402,0.937984496124031,0.9428571428571428,0.9404145077720207,0.9744712430426715,361,24,22,363,383,387,385,385,44,1800,770,30
0.9532467532467532,0.9653333333333334,0.9402597402597402,0.9526315789473684,0.982341035587789,372,13,23,362,395,375,385,385,45,1800,770,42
0.9363636363636364,0.9221105527638191,0.9532467532467532,0.9374201787994891,0.9788632147073706,354,31,18,367,372,398,385,385,46,1800,770,48
