accuracy,precision,recall,f1,roc_auc,tn,fp,fn,tp,pred_benign,pred_malware,true_benign,true_malware,seed,train_samples,eval_samples,best_epoch
0.9464566929133859,0.9594813614262561,0.9322834645669291,0.9456869009584664,0.977736995473991,610,25,43,592,653,617,635,635,42,1300,1270,26
0.9393700787401574,0.9151785714285714,0.968503937007874,0.9410864575363428,0.9874685349370699,578,57,20,615,598,672,635,635,43,1300,1270,23
0.9433070866141732,0.9364341085271318,0.9511811023622048,0.94375,0.9842742885485771,594,41,31,604,625,645,635,635,44,1300,1270,25
0.9464566929133859,0.9732888146911519,0.9181102362204724,0.9448946515397083,0.9843486886973775,619,16,52,583,671,599,635,635,45,1300,1270,28
0.952755905511811,0.9767827529021559,0.9275590551181102,0.9515347334410339,0.9826784053568106,621,14,46,589,667,603,635,635,46,1300,1270,28
