eval_loss,eval_loss_mean,eval_loss_q0,eval_loss_q1,eval_loss_q2,eval_loss_q3,eval_mse,eval_mse_q0,eval_mse_q1,eval_mse_q2,eval_mse_q3,eval_no_improve_count,grad_norm,loss,loss_q0,loss_q1,loss_q2,loss_q3,mse,mse_q0,mse_q1,mse_q2,mse_q3,samples,step
1.2551447004079819,1.2551447004079819,1.2437458,1.2542673,1.2619057,1.2602359,0.48085665702819824,0.45580032,0.4793564,0.4941929,0.49414855,0,4.119970331725337,1.539351463317871,1.502466,1.5191448,1.5555501,1.5753138,0.735578179359436,0.7813551,0.7646424,0.71701664,0.68702686,16,0
0.9576641768217087,0.9576641768217087,0.86015636,0.92639935,0.9823262,1.0524455,0.2578801866620779,0.16051258,0.19547659,0.30836555,0.36177254,0,2.0101671753543346,1.0269842422008513,0.9731117,1.0064615,1.0402339,1.0868435,0.27786127269268035,0.23291713,0.25193685,0.29339793,0.3332701,1616,100
