accuracy,precision,recall,f1,roc_auc,tn,fp,fn,tp,pred_benign,pred_malware,true_benign,true_malware,seed,train_samples,eval_samples,best_epoch
0.6511811023622047,0.5902255639097744,0.988976377952756,0.7392583872866392,0.8842184884369768,199,436,7,628,206,1064,635,635,42,1300,1270,24
0.9559055118110236,0.957345971563981,0.9543307086614173,0.9558359621451105,0.9896050592101185,608,27,29,606,637,633,635,635,43,1300,1270,30
0.9464566929133859,0.9639934533551555,0.9275590551181102,0.9454253611556982,0.9808196416392831,613,22,46,589,659,611,635,635,44,1300,1270,25
0.7535433070866142,0.6753812636165577,0.9763779527559056,0.798454603992273,0.9137454274908549,337,298,15,620,352,918,635,635,45,1300,1270,30
0.6165354330708661,0.5667870036101083,0.988976377952756,0.7205966724039014,0.85001922003844,155,480,7,628,162,1108,635,635,46,1300,1270,27
