accuracy,precision,recall,f1,roc_auc,tn,fp,fn,tp,pred_benign,pred_malware,true_benign,true_malware,seed,train_samples,eval_samples,best_epoch
0.8597402597402597,0.9928825622775801,0.7246753246753247,0.8378378378378378,0.9474245235284197,383,2,106,279,489,281,385,385,42,1800,770,30
0.951948051948052,0.9702702702702702,0.9324675324675324,0.9509933774834437,0.9848810929330409,374,11,26,359,400,370,385,385,43,1800,770,34
0.9402597402597402,0.9829059829059829,0.8961038961038961,0.9375,0.9742182492831843,379,6,40,345,419,351,385,385,44,1800,770,32
0.948051948051948,0.948051948051948,0.948051948051948,0.948051948051948,0.9814943498060381,365,20,20,365,385,385,385,385,45,1800,770,34
0.9532467532467532,0.967828418230563,0.9376623376623376,0.9525065963060686,0.9786405801990218,373,12,24,361,397,373,385,385,46,1800,770,48
